Rank,URL
1,https://www.google.com
2,https://www.youtube.com
3,https://www.facebook.com
4,https://www.twitter.com
5,https://www.instagram.com
6,https://www.linkedin.com
7,https://www.wikipedia.org
8,https://www.reddit.com
9,https://www.amazon.com
10,https://www.yahoo.com
11,https://www.netflix.com
12,https://www.ebay.com
13,https://www.microsoft.com
14,https://www.twitch.tv
15,https://www.live.com
16,https://www.office.com
17,https://www.bing.com
18,https://www.pinterest.com
19,https://www.quora.com
20,https://www.stackoverflow.com
21,https://www.imdb.com
22,https://www.fandom.com
23,https://www.paypal.com
24,https://www.apple.com
25,https://www.medium.com
26,https://www.craigslist.org
27,https://www.walmart.com
28,https://www.dropbox.com
29,https://www.spotify.com
30,https://www.airbnb.com
31,https://www.zillow.com
32,https://www.tumblr.com
33,https://www.nytimes.com
34,https://www.cnn.com
35,https://www.bbc.com
36,https://www.espn.com
37,https://www.nbcnews.com
38,https://www.foxnews.com
39,https://www.huffpost.com
40,https://www.theguardian.com
41,https://www.weather.com
42,https://www.indeed.com
43,https://www.glassdoor.com
44,https://www.slack.com
45,https://www.zoom.us
46,https://www.udemy.com
47,https://www.coursera.org
48,https://www.khanacademy.org
49,https://www.edx.org
50,https://www.w3schools.com
51,https://www.geeksforgeeks.org
52,https://www.github.com
53,https://www.gitlab.com
54,https://www.bitbucket.org
55,https://www.stackexchange.com
56,https://www.booking.com
57,https://www.tripadvisor.com
58,https://www.expedia.com
59,https://www.skyscanner.com
60,https://www.kayak.com
61,https://www.nike.com
62,https://www.adidas.com
63,https://www.homedepot.com
64,https://www.lowes.com
65,https://www.bestbuy.com
66,https://www.target.com
67,https://www.costco.com
68,https://www.macys.com
69,https://www.wellsfargo.com
70,https://www.bankofamerica.com
71,https://www.chase.com
72,https://www.capitalone.com
73,https://www.americanexpress.com
74,https://www.irs.gov
75,https://www.whitehouse.gov
76,https://www.nasa.gov
77,https://www.cdc.gov
78,https://www.nih.gov
79,https://www.fda.gov
80,https://www.loc.gov
81,https://www.usps.com
82,https://www.tiktok.com
83,https://www.snapchat.com
84,https://www.discord.com
85,https://www.onlyfans.com
86,https://www.robinhood.com
87,https://www.coinbase.com
88,https://www.binance.com
89,https://www.trello.com
90,https://www.notion.so
91,https://www.figma.com
92,https://www.canva.com
93,https://www.behance.net
94,https://www.dribbble.com
95,https://www.medium.com
96,https://www.substack.com
97,https://www.ted.com
98,https://www.archive.org
99,https://www.gnu.org
100,https://www.python.org
